<?xml version="1.0" encoding="UTF-8"?>
<!DOCTYPE codetemplates PUBLIC "-//NetBeans//DTD Editor Code Templates settings 1.0//EN" "http://www.netbeans.org/dtds/EditorCodeTemplates-1_0.dtd">
<codetemplates>
    <codetemplate abbreviation="pui" xml:space="preserve">
        <code><![CDATA[public int ${newVar} () {
    int var = 0;

    return var;
}]]></code>
    </codetemplate>
    <codetemplate abbreviation="moved" xml:space="preserve">
        <code><![CDATA[${newVar}.setOnMouseMoved(s -> {
    ${selection}${cursor}
});]]></code>
    </codetemplate>
    <codetemplate abbreviation="pun" xml:space="preserve">
        <code><![CDATA[public ${TYPE} ${newVar} () {
    ${TYPE} obj = new ${TYPE}();

    return obj;
}]]></code>
    </codetemplate>
    <codetemplate abbreviation="main" xml:space="preserve">
        <code><![CDATA[public class Main extends Application {
    
    private static Stage stage;
    
    public static Main getInstance() {
        return new Main();
    }
	
    public void changeScene (Scenes scene) {
        try {
            Parent root = FXMLLoader.load(getClass().getResource("/view/" + scene.getScene() + ".fxml"));
            Scene sceneScreen = new Scene(root);
            stage.setScene(sceneScreen);
        } catch (IOException ex) {
            Logger.getLogger(Main.class.getName()).log(Level.SEVERE, null, ex);
        }
    }
    
    @Override
    public void start(Stage primaryStage) throws Exception {
        Parent root = FXMLLoader.load(getClass().getResource("/view/" + /*Scenes.DEFAULT.getScene() + */ ".fxml"));
        Scene scene = new Scene(root);
        primaryStage.setScene(scene);
        primaryStage.show();
        stage = primaryStage;
    }

    public static void main(String[] args) {
        launch(args);
    }
    
}]]></code>
    </codetemplate>
    <codetemplate abbreviation="alertwarning" xml:space="preserve">
        <code><![CDATA[Alert a = new Alert(AlertType.WARNING);
a.setTitle(${newVar});
a.setContentText(${newVar2});
a.showAndWait();]]></code>
    </codetemplate>
    <codetemplate abbreviation="dal" xml:space="preserve">
        <code><![CDATA[public class DAL<T> {

    T dal;

    EntityManager manager;

    public boolean add(T item) {
        try {

            init();

            manager.getTransaction().begin();
            manager.persist(item);
            manager.getTransaction().commit();

            close();

            return true;
        } catch (Exception e) {
            System.out.println("Error - DAL(add(T obj)): " + e.getMessage() + "\nLocal: " + e.getLocalizedMessage());
            return false;
        }
    }

    public boolean update(T obj) {
        try {

            init();

            manager.getTransaction().begin();
            manager.merge(obj);
            manager.getTransaction().commit();

            close();

            return true;
        } catch (Exception e) {
            System.out.println("Error - DAL(update(T obj)): " + e.getMessage() + "\nLocal: " + e.getLocalizedMessage());
            return false;
        }
    }
    
    public <T> List<T> select(Class c) {
        try {

            init();

            String jpql = "select p from " + c.getSimpleName() + " p";
            Query query = manager.createQuery(jpql, c);

            return query.getResultList();
        } catch (Exception e) {
            System.out.println("Error - DAL(select()): " + e.getMessage() + "\nLocal: " + e.getLocalizedMessage());
            return null;
        }
    }

    public List<T> select(String c) {
        try {

            init();

            String jpql = "select p from " + c + " p";
            Query query = manager.createQuery(jpql);

            return query.getResultList();
        } catch (Exception e) {
            System.out.println("Error - DAL(select()): " + e.getMessage() + "\nLocal: " + e.getLocalizedMessage());
            return null;
        }
    }
    
    public boolean remove(T obj) {
        try {

            init();

            manager.getTransaction().begin();
            manager.remove(obj);
            manager.getTransaction().commit();

            close();

            return true;
        } catch (Exception e) {
            System.out.println("Error - DAL(remove(T obj)): " + e.getMessage() + "\nLocal: " + e.getLocalizedMessage());
            return false;
        }
    }

    private void init() {
        manager = new JPAUtil().getEntityManager();
    }

    private void close() {
        if (manager.isOpen()) {
            manager.clear();
            manager.close();
        }
    }

}]]></code>
    </codetemplate>
    <codetemplate abbreviation="pus" xml:space="preserve">
        <code><![CDATA[public String ${newVar} () {
    String var = "";

    return var;
}]]></code>
    </codetemplate>
    <codetemplate abbreviation="puv" xml:space="preserve">
        <code><![CDATA[public void ${newVar} () {

}]]></code>
    </codetemplate>
    <codetemplate abbreviation="getImageUrl" xml:space="preserve">
        <code><![CDATA[public String getImage () {
        
    FileChooser fileChooser = new FileChooser();
        
    ExtensionFilter extensoes = new ExtensionFilter("Images", "*.jpg", "*.png", "*.jpeg");
    fileChooser.getExtensionFilters().add(extensoes);
        
    File file = fileChooser.showOpenDialog(new Stage());
        
    if (file != null) {
        return "file:///" + file.getAbsolutePath();
    } else {
        return "";
    }
        
}]]></code>
    </codetemplate>
    <codetemplate abbreviation="exited" xml:space="preserve">
        <code><![CDATA[${newVar}.setOnMouseExited(s -> {
    ${selection}${cursor}
});]]></code>
    </codetemplate>
    <codetemplate abbreviation="rxemail" xml:space="preserve">
        <code><![CDATA[String regex = "([\\w\\.])+@([a-zA-Z])+(\\.([a-zA-Z])+)+";]]></code>
    </codetemplate>
    <codetemplate abbreviation="action" xml:space="preserve">
        <code><![CDATA[${newVar}.setOnAction(s -> {
    ${selection}${cursor}
});]]></code>
    </codetemplate>
    <codetemplate abbreviation="id" xml:space="preserve">
        <code><![CDATA[@Id
@GeneratedValue(strategy = GenerationType.IDENTITY)
private long id;]]></code>
    </codetemplate>
    <codetemplate abbreviation="alertwithbutton" xml:space="preserve">
        <code><![CDATA[Alert dialog = new Alert(Alert.AlertType.CONFIRMATION);
ButtonType btnYes     = new ButtonType("Yes");
ButtonType btnNo      = new ButtonType("No");
dialog.setTitle(${newVar});
dialog.setHeaderText(${newVar2});
dialog.setContentText(${newVar3});
dialog.getButtonTypes().setAll(btnYes, btnNo);
dialog.showAndWait().ifPresent(b -> {
	if (b == btnYes) {
        	System.out.println("YES!");
	} else if (b == btnNo) {
        	System.out.println("NO!");
        }
});]]></code>
    </codetemplate>
    <codetemplate abbreviation="released" xml:space="preserve">
        <code><![CDATA[${newVar}.setOnKeyReleased(s -> {
    ${selection}${cursor}
});]]></code>
    </codetemplate>
    <codetemplate abbreviation="enumerated" xml:space="preserve">
        <code><![CDATA[@Enumerated(EnumType.STRING)]]></code>
    </codetemplate>
    <codetemplate abbreviation="11" xml:space="preserve">
        <code><![CDATA[@OneToOne]]></code>
    </codetemplate>
    <codetemplate abbreviation="mm" xml:space="preserve">
        <code><![CDATA[@ManyToMany]]></code>
    </codetemplate>
    <codetemplate abbreviation="choicedialog" xml:space="preserve">
        <code><![CDATA[ChoiceDialog dialog = new ChoiceDialog();
dialog.getItems().addAll(new List());
dialog.setTitle(${newVar});
dialog.setHeaderText(${newVar2});
dialog.setContentText(${newVar3});
dialog.showAndWait();
Object object = dialog.getSelectedItem();
System.out.println("Object: " + object.toString());]]></code>
    </codetemplate>
    <codetemplate abbreviation="prb" xml:space="preserve">
        <code><![CDATA[private boolean ${newVar} () {
    boolean var = true;

    return var;
}]]></code>
    </codetemplate>
    <codetemplate abbreviation="prd" xml:space="preserve">
        <code><![CDATA[private double ${newVar} () {
    double var = 0.0;

    return var;
}]]></code>
    </codetemplate>
    <codetemplate abbreviation="gene" xml:space="preserve">
        <code><![CDATA[@GeneratedValue(strategy = GenerationType.IDENTITY)]]></code>
    </codetemplate>
    <codetemplate abbreviation="pressed" xml:space="preserve">
        <code><![CDATA[${newVar}.setOnKeyPressed(s -> {
    ${selection}${cursor}
});]]></code>
    </codetemplate>
    <codetemplate abbreviation="getem" xml:space="preserve">
        <code><![CDATA[public EntityManager getEntityManager() {
	return Persistence.createEntityManagerFactory(${newVarName}).createEntityManager();
}]]></code>
    </codetemplate>
    <codetemplate abbreviation="cascade" xml:space="preserve">
        <code><![CDATA[(cascade = CascadeType.PERSIST)]]></code>
    </codetemplate>
    <codetemplate abbreviation="pri" xml:space="preserve">
        <code><![CDATA[private int ${newVar} () {
    int var = 0;

    return var;
}]]></code>
    </codetemplate>
    <codetemplate abbreviation="alertconfirmation" xml:space="preserve">
        <code><![CDATA[Alert a = new Alert(AlertType.CONFIRMATION);
a.setTitle(${newVar});
a.setContentText(${newVar2});
a.showAndWait();]]></code>
    </codetemplate>
    <codetemplate abbreviation="stringp" xml:space="preserve">
        <code><![CDATA[private String ${newVar};
${selection}${cursor}
public String get${newVar} () { return this.${newVar}; }
public void set${newVar} (String ${newVar}) { this.${newVar} = ${newVar}; }]]></code>
    </codetemplate>
    <codetemplate abbreviation="prn" xml:space="preserve">
        <code><![CDATA[private ${TYPE} ${newVar} () {
    ${TYPE} obj = new ${TYPE}();

    return obj;
}]]></code>
    </codetemplate>
    <codetemplate abbreviation="clearselec" xml:space="preserve">
        <code><![CDATA[${newVar}.getSelectionModel().clearSelection();]]></code>
    </codetemplate>
    <codetemplate abbreviation="jaxbm" xml:space="preserve">
        <code><![CDATA[try {            
                javax.xml.bind.JAXBContext jaxbCtx= javax.xml.bind.JAXBContext.newInstance( ${OBJ2M instanceof="java.lang.Object" default="obj2BMarshalled"}.getClass().getPackage().getName());
                javax.xml.bind.Marshaller marshaller = jaxbCtx.createMarshaller();
                marshaller.setProperty(javax.xml.bind.Marshaller.JAXB_ENCODING, "UTF-8"); //NOI18N
                marshaller.setProperty(javax.xml.bind.Marshaller.JAXB_FORMATTED_OUTPUT, Boolean.TRUE);
                marshaller.marshal(${OBJ2M} , System.out);
            } catch (javax.xml.bind.JAXBException ex) {
                // XXXTODO Handle exception
                java.util.logging.Logger.getLogger("global").log(java.util.logging.Level.SEVERE, null, ex); //NOI18N
        }]]></code>
        <description><![CDATA[Sample template to marshal JAXB objects.]]></description>
    </codetemplate>
    <codetemplate abbreviation="prs" xml:space="preserve">
        <code><![CDATA[private String ${newVar} () {
    String var = "";

    return var;
}]]></code>
    </codetemplate>
    <codetemplate abbreviation="prv" xml:space="preserve">
        <code><![CDATA[private void ${newVar} () {

}]]></code>
    </codetemplate>
    <codetemplate abbreviation="rxcep" xml:space="preserve">
        <code><![CDATA[String regex = "\\d{5}-\\d{3}";]]></code>
    </codetemplate>
    <codetemplate abbreviation="translatey" xml:space="preserve">
        <code><![CDATA[public void translateY(Node node) {
    double positionY = node.getTranslateY();
    node.setOnMouseEntered(s -> {
        if (node.getTranslateY() > positionY - 10) {
            TranslateTransition translateTransition = new TranslateTransition();
            translateTransition.setToY(positionY - 10);
            translateTransition.setDuration(Duration.seconds(0.1));
            translateTransition.setNode(node);
            translateTransition.play();
        }
    });
    node.setOnMouseExited(s -> {
        if (node.getTranslateY() < positionY + 10) {
            TranslateTransition translateTransition = new TranslateTransition();
            translateTransition.setToY(positionY + 10);
            translateTransition.setDuration(Duration.seconds(0.1));
            translateTransition.setNode(node);
            translateTransition.play();
        }
    });
}]]></code>
    </codetemplate>
    <codetemplate abbreviation="jaxbu" xml:space="preserve">
        <code><![CDATA[
            try {
                javax.xml.bind.JAXBContext jaxbCtx = javax.xml.bind.JAXBContext.newInstance(${UM_OBJ instanceof="java.lang.Object" default="umObj"}.getClass().getPackage().getName());
                javax.xml.bind.Unmarshaller unmarshaller = jaxbCtx.createUnmarshaller();
                ${UM_OBJ} = ${TYPE_CAST cast default=""} unmarshaller.unmarshal(new java.io.File("File path")); //NOI18N
            } catch (javax.xml.bind.JAXBException ex) {
                // XXXTODO Handle exception
                java.util.logging.Logger.getLogger("global").log(java.util.logging.Level.SEVERE, null, ex); //NOI18N
            }
        ]]></code>
        <description><![CDATA[Sample template to unmarshal JAXB objects.]]></description>
    </codetemplate>
    <codetemplate abbreviation="translatex" xml:space="preserve">
        <code><![CDATA[public void translateX(Node node) {
    double positionX = node.getTranslateX();
    node.setOnMouseEntered(s -> {
        if (node.getTranslateX() > positionX - 10) {
            TranslateTransition translateTransition = new TranslateTransition();
            translateTransition.setToX(positionX - 10);
            translateTransition.setDuration(Duration.seconds(0.1));
            translateTransition.setNode(node);
            translateTransition.play();
        }
    });
    node.setOnMouseExited(s -> {
        if (node.getTranslateX() < positionX + 10) {
            TranslateTransition translateTransition = new TranslateTransition();
            translateTransition.setToX(positionX + 10);
            translateTransition.setDuration(Duration.seconds(0.1));
            translateTransition.setNode(node);
            translateTransition.play();
        }
    });
}]]></code>
    </codetemplate>
    <codetemplate abbreviation="scenes" xml:space="preserve">
        <code><![CDATA[DEFAULT("Default");

private final String scene;

Scenes(String scene) {
    this.scene = scene;
}

public String getScene() {
    return scene;
}]]></code>
    </codetemplate>
    <codetemplate abbreviation="getImage" xml:space="preserve">
        <code><![CDATA[public Image getImage () {
        
    FileChooser fileChooser = new FileChooser();
        
    ExtensionFilter extensoes = new ExtensionFilter("Images", "*.jpg", "*.png", "*.jpeg");
    fileChooser.getExtensionFilters().add(extensoes);
        
    File file = fileChooser.showOpenDialog(new Stage());
        
    if (file != null) {
        return new Image("file:///" + file.getAbsolutePath());
    } else {
        return null;
    }
        
}]]></code>
    </codetemplate>
    <codetemplate abbreviation="changeselec" xml:space="preserve">
        <code><![CDATA[${newVar}.getSelectionModel().selectedItemProperty().addListener((options, oldValue, newValue) -> {
    ${selection}${cursor}        
});]]></code>
    </codetemplate>
    <codetemplate abbreviation="img" xml:space="preserve">
        <code><![CDATA[Double height = ${newVar}.getFitHeight();
Double width = ${newVar}.getFitWidth();
${newVar}.setImage(new Image(${newImage}));
${newVar}.setFitHeight(height);
${newVar}.setFitWidth(width);]]></code>
    </codetemplate>
    <codetemplate abbreviation="doublep" xml:space="preserve">
        <code><![CDATA[private Double ${newVar};
${selection}${cursor}
public Double get${newVar} () { return this.${newVar}; }
public void set${newVar} (Double ${newVar}) { this.${newVar} = ${newVar}; }]]></code>
    </codetemplate>
    <codetemplate abbreviation="scale" xml:space="preserve">
        <code><![CDATA[public void scale(Node node) {
    node.setOnMouseEntered(s -> {
        node.setScaleX(1.12);
        node.setScaleY(1.12);
    });
    node.setOnMouseExited(s -> {
        node.setScaleX(1.0);
        node.setScaleY(1.0);
    });
}]]></code>
    </codetemplate>
    <codetemplate abbreviation="psm" xml:space="preserve">
        <code><![CDATA[private static ${ret default="void"} ${mname default="method"}(${args default=""}) {
    ${cursor}
}
     ]]></code>
    </codetemplate>
    <codetemplate abbreviation="intp" xml:space="preserve">
        <code><![CDATA[private Integer ${newVar};
${selection}${cursor}
public Integer get${newVar} () { return this.${newVar}; }
public void set${newVar} (Integer ${newVar}) { this.${newVar} = ${newVar}; }]]></code>
    </codetemplate>
    <codetemplate abbreviation="fade" xml:space="preserve">
        <code><![CDATA[public void fade(Node node) {
    FadeTransition fade = new FadeTransition();
    fade.setFromValue(0);
    fade.setToValue(1);
    fade.setDuration(Duration.seconds(1));
    fade.setNode(node);
    fade.play();
}]]></code>
    </codetemplate>
    <codetemplate abbreviation="ob" xml:space="preserve">
        <code><![CDATA[ObservableList<${TYPE}> ${newObservableList} = FXCollections.observableArrayList();]]></code>
    </codetemplate>
    <codetemplate abbreviation="alertinformation" xml:space="preserve">
        <code><![CDATA[Alert a = new Alert(AlertType.INFORMATION);
a.setTitle(${newVar});
a.setContentText(${newVar2});
a.showAndWait();]]></code>
    </codetemplate>
    <codetemplate abbreviation="mainspecific" xml:space="preserve">
        <code><![CDATA[public class MainSpecific extends Application {

    String scene;
    Stage stage;
    
    public static MainSpecific getInstance() {
        return new MainSpecific();
    }
	
    public void openScene (String scene) {
        try {
            this.scene = scene;
            start(new Stage());
        } catch (Exception ex) {
            Logger.getLogger(MainSpecific.class.getName()).log(Level.SEVERE, null, ex);
        }
    }
    
    public void openScene (Scenes scene) {
        try {
            this.scene = scene.getScene();
            start(new Stage());
        } catch (Exception ex) {
            Logger.getLogger(MainSpecific.class.getName()).log(Level.SEVERE, null, ex);
        }
    }
    
    public void closeScene () {
        stage.close();
    }
    
    @Override
    public void start(Stage primaryStage) throws Exception {
        Parent root = FXMLLoader.load(getClass().getResource("/view/" + scene + ".fxml"));
        Scene sceneScreen = new Scene(root);
        primaryStage.setScene(sceneScreen);
        primaryStage.show();
        this.stage = primaryStage;
    }
    
    public static void main(String[] args) {
        launch(args);
    }
    
}]]></code>
    </codetemplate>
    <codetemplate abbreviation="1m" xml:space="preserve">
        <code><![CDATA[@OneToMany]]></code>
    </codetemplate>
    <codetemplate abbreviation="boolp" xml:space="preserve">
        <code><![CDATA[private Boolean ${newVar};
${selection}${cursor}
public Boolean get${newVar} () { return this.${newVar}; }
public void set${newVar} (Boolean ${newVar}) { this.${newVar} = ${newVar}; }]]></code>
    </codetemplate>
    <codetemplate abbreviation="newp" xml:space="preserve">
        <code><![CDATA[private ${TYPE} ${newVar};
${selection}${cursor}
public ${TYPE} get${newVar} () { return this.${newVar}; }
public void set${newVar} (${TYPE} ${newVar}) { this.${newVar} = ${newVar}; }]]></code>
    </codetemplate>
    <codetemplate abbreviation="m1" xml:space="preserve">
        <code><![CDATA[@ManyToOne]]></code>
    </codetemplate>
    <codetemplate abbreviation="alerterror" xml:space="preserve">
        <code><![CDATA[Alert a = new Alert(AlertType.ERROR);
a.setTitle(${newVar});
a.setContentText(${newVar2});
a.showAndWait();]]></code>
    </codetemplate>
    <codetemplate abbreviation="ent" xml:space="preserve">
        <code><![CDATA[@Entity]]></code>
    </codetemplate>
    <codetemplate abbreviation="entered" xml:space="preserve">
        <code><![CDATA[${newVar}.setOnMouseEntered(s -> {
    ${selection}${cursor}
});]]></code>
    </codetemplate>
    <codetemplate abbreviation="clicked" xml:space="preserve">
        <code><![CDATA[${newVar}.setOnMouseClicked(s -> {
    ${selection}${cursor}
});]]></code>
    </codetemplate>
    <codetemplate abbreviation="rxcpf" xml:space="preserve">
        <code><![CDATA[String regex = "(\\d{3}\\.){2}\\d{3}-\\d{2}";]]></code>
    </codetemplate>
    <codetemplate abbreviation="textdialog" xml:space="preserve">
        <code><![CDATA[TextInputDialog dialog = new TextInputDialog();
dialog.setTitle(${newVar});
dialog.setHeaderText(${newVar2});
dialog.setContentText(${newVar3});
dialog.showAndWait();
String text = dialog.getResult();
System.out.println("Text: " + text);]]></code>
    </codetemplate>
    <codetemplate abbreviation="pub" xml:space="preserve">
        <code><![CDATA[public boolean ${newVar} () {
    boolean var = true;

    return var;
}]]></code>
    </codetemplate>
    <codetemplate abbreviation="tostring" xml:space="preserve">
        <code><![CDATA[@Override
public String toString() {
    return ${newVar};
}]]></code>
    </codetemplate>
    <codetemplate abbreviation="pud" xml:space="preserve">
        <code><![CDATA[public double ${newVar} () {
    double var = 0.0;

    return var;
}]]></code>
    </codetemplate>
</codetemplates>
